Index,UserId,First_Name,Last_Name,Sex,Email,Phone,Date_of_birth,Job_Title
1,8717bbf45cCDbEe,Shelia,Mahoney,Male,pwarner@example.org,857.139.8239,2014-01-27,Probation-officer
2,3d5AD30A4cD38ed,Jo,Rivers,Female,fergusonkatherine@example.net,+1-950-759-8687,1931-07-26,Dancer
3,810Ce0F276Badec,Sheryl,Lowery,Female,fhoward@example.org,(599)782-0605,2013-11-25,Copy
4,BF2a889C00f0cE1,Whitney,Hooper,Male,zjohnston@example.com,+1-939-130-6258,2012-11-17,Counselling-psychologist
5,9afFEafAe1CBBB9,Lindsey,Rice,Female,elin@example.net,(390)417-1635x3010,1923-04-15,Biomedical-engineer
6,aF75e6dDEBC5b66,Sherry,Caldwell,Male,kaitlin13@example.net,8537800927,1917-08-06,Higher-education-lecturer
7,efeb05c7Cc94EA3,Ernest,Hoffman,Male,jeffharvey@example.com,093.655.7480x7895,1984-12-22,Health-visitor
8,fb1BF3FED57E9d7,Doris,Andersen,Male,alicia33@example.org,4709522945,2016-12-02,Air-broker
9,421fAB9a3b98F30,Cheryl,Mays,Male,jake50@example.com,013.820.4758,2012-12-16,"Designer, multimedia"
10,4A42Fe10dB717CB,Harry,Mitchell,Male,lanechristina@example.net,(560)903-5068x4985,1953-06-29,Insurance-account-manager